{
    "loss": 10.354960441589355,
    "accuracy": 0.5467625856399536
}